{
    "$schema": "https://schema.management.azure.com/schemas/2015-01-01/deploymentParameters.json#",
    "contentVersion": "1.0.0.0",
    "parameters": {
        "extensions_enablevmAccess_username": {
            "value": null
        },
        "extensions_enablevmAccess_password": {
            "value": null
        },
        "extensions_enablevmAccess_ssh_key": {
            "value": null
        },
        "extensions_enablevmAccess_reset_ssh": {
            "value": null
        },
        "extensions_enablevmAccess_remove_user": {
            "value": null
        },
        "extensions_enablevmAccess_expiration": {
            "value": null
        },
        "virtualMachines_ereader_name": {
            "value": null
        },
        "disks_ereader_disk1_eee617a6f03240aba4a1f5da71519763_externalid": {
            "value": null
        },
        "networkInterfaces_ereader916_z1_externalid": {
            "value": null
        }
    }
}